Price,Adj Close,Close,High,Low,Open,Volume
Ticker,ALL,ALL,ALL,ALL,ALL,ALL
Datetime,,,,,,
2025-02-21 14:30:00+00:00,188.67999267578125,188.67999267578125,190.5,188.0,190.5,242183
2025-02-21 15:30:00+00:00,188.02999877929688,188.02999877929688,189.0399932861328,187.97000122070312,188.28500366210938,118157
2025-02-21 16:30:00+00:00,188.1199951171875,188.1199951171875,188.64500427246094,187.97000122070312,188.11500549316406,179685
2025-02-21 17:30:00+00:00,186.77999877929688,186.77999877929688,188.47000122070312,186.77999877929688,188.3446044921875,184638
2025-02-21 18:30:00+00:00,186.3000030517578,186.3000030517578,187.16000366210938,186.19000244140625,187.02999877929688,235843
2025-02-21 19:30:00+00:00,186.3800048828125,186.3800048828125,186.73069763183594,185.75,186.63999938964844,341261
2025-02-21 20:30:00+00:00,185.6699981689453,185.6699981689453,186.60069274902344,185.39999389648438,186.32000732421875,400512
2025-02-24 14:30:00+00:00,187.63999938964844,187.63999938964844,189.52000427246094,186.48500061035156,186.63999938964844,353964
2025-02-24 15:30:00+00:00,188.22000122070312,188.22000122070312,188.59500122070312,187.375,187.52999877929688,125193
2025-02-24 16:30:00+00:00,188.94000244140625,188.94000244140625,189.2866973876953,187.88999938964844,188.33999633789062,100211
2025-02-24 17:30:00+00:00,188.9499969482422,188.9499969482422,189.16000366210938,188.5399932861328,188.75999450683594,73562
2025-02-24 18:30:00+00:00,189.11000061035156,189.11000061035156,190.2949981689453,188.63999938964844,188.77999877929688,149290
2025-02-24 19:30:00+00:00,188.97000122070312,188.97000122070312,189.39999389648438,188.89950561523438,189.1699981689453,100776
2025-02-24 20:30:00+00:00,188.6999969482422,188.6999969482422,189.74000549316406,188.5399932861328,188.97000122070312,249509
2025-02-25 14:30:00+00:00,190.16000366210938,190.16000366210938,190.72999572753906,188.9199981689453,190.25,114842
2025-02-25 15:30:00+00:00,189.8800048828125,189.8800048828125,190.9071044921875,189.67999267578125,190.15499877929688,85757
2025-02-25 16:30:00+00:00,189.94000244140625,189.94000244140625,190.0500030517578,189.19000244140625,189.74000549316406,62857
2025-02-25 17:30:00+00:00,190.17999267578125,190.17999267578125,191.16409301757812,189.89999389648438,190.07000732421875,65362
2025-02-25 18:30:00+00:00,189.94500732421875,189.94500732421875,190.8699951171875,189.82000732421875,190.21499633789062,59008
2025-02-25 19:30:00+00:00,191.35000610351562,191.35000610351562,191.41749572753906,189.9550018310547,190.08999633789062,118419
2025-02-25 20:30:00+00:00,190.4499969482422,190.4499969482422,191.2100067138672,190.17999267578125,191.2100067138672,183488
2025-02-26 14:30:00+00:00,190.22000122070312,190.22000122070312,190.81500244140625,184.0,184.0,247034
2025-02-26 15:30:00+00:00,189.86500549316406,189.86500549316406,190.9499969482422,189.8249969482422,190.02000427246094,127793
2025-02-26 16:30:00+00:00,188.86000061035156,188.86000061035156,190.4499969482422,188.61500549316406,190.38999938964844,123201
2025-02-26 17:30:00+00:00,187.75,187.75,188.9199981689453,187.5500030517578,188.81500244140625,95947
2025-02-26 18:30:00+00:00,188.5800018310547,188.5800018310547,188.58999633789062,187.72999572753906,188.125,102049
2025-02-26 19:30:00+00:00,188.88999938964844,188.88999938964844,189.0,188.22999572753906,188.22999572753906,135766
2025-02-26 20:30:00+00:00,188.57000732421875,188.57000732421875,189.25,188.27000427246094,188.7899932861328,269910
2025-02-27 14:30:00+00:00,194.16000366210938,194.16000366210938,194.55999755859375,189.10000610351562,189.10000610351562,318675
2025-02-27 15:30:00+00:00,194.50999450683594,194.50999450683594,194.88999938964844,193.74009704589844,193.89999389648438,311232
2025-02-27 16:30:00+00:00,194.0749969482422,194.0749969482422,194.86500549316406,193.3699951171875,194.86500549316406,173360
2025-02-27 17:30:00+00:00,194.49000549316406,194.49000549316406,194.61000061035156,193.3699951171875,193.3699951171875,149144
2025-02-27 18:30:00+00:00,194.65499877929688,194.65499877929688,194.80999755859375,194.00999450683594,194.4149932861328,252973
2025-02-27 19:30:00+00:00,193.9499969482422,193.9499969482422,194.80999755859375,193.50999450683594,194.6699981689453,266140
2025-02-27 20:30:00+00:00,194.97000122070312,194.97000122070312,195.17999267578125,193.99000549316406,194.00999450683594,316097
2025-02-28 14:30:00+00:00,196.99000549316406,196.99000549316406,198.8699951171875,196.0,196.5800018310547,297823
2025-02-28 15:30:00+00:00,196.92999267578125,196.92999267578125,198.02999877929688,196.58999633789062,196.9949951171875,174536
2025-02-28 16:30:00+00:00,196.67999267578125,196.67999267578125,197.22999572753906,196.59010314941406,197.0399932861328,216517
2025-02-28 17:30:00+00:00,196.22000122070312,196.22000122070312,197.13999938964844,195.6699981689453,197.1300048828125,202557
2025-02-28 18:30:00+00:00,197.14999389648438,197.14999389648438,197.50999450683594,195.77999877929688,195.85000610351562,298265
2025-02-28 19:30:00+00:00,198.14999389648438,198.14999389648438,198.2100067138672,196.99000549316406,197.1750030517578,405341
2025-02-28 20:30:00+00:00,199.2100067138672,199.2100067138672,199.94000244140625,198.0,198.13999938964844,619155
2025-03-03 14:30:00+00:00,201.99000549316406,201.99000549316406,202.59750366210938,199.52999877929688,200.625,172380
2025-03-03 15:30:00+00:00,202.0500030517578,202.0500030517578,203.10000610351562,201.88619995117188,202.11990356445312,98080
2025-03-03 16:30:00+00:00,202.8699951171875,202.8699951171875,203.29800415039062,201.5800018310547,202.10000610351562,118268
2025-03-03 17:30:00+00:00,202.08999633789062,202.08999633789062,202.97000122070312,202.08999633789062,202.80999755859375,95976
2025-03-03 18:30:00+00:00,201.97999572753906,201.97999572753906,203.0500030517578,201.77000427246094,202.07240295410156,153265
2025-03-03 19:30:00+00:00,200.8249969482422,200.8249969482422,202.72999572753906,200.23500061035156,201.8759002685547,218927
2025-03-03 20:30:00+00:00,202.13999938964844,202.13999938964844,202.19000244140625,200.50999450683594,200.8000030517578,331267
2025-03-04 14:30:00+00:00,200.47000122070312,200.47000122070312,202.5,199.63999938964844,201.89999389648438,472440
2025-03-04 15:30:00+00:00,200.30999755859375,200.30999755859375,200.86000061035156,198.83999633789062,200.3175048828125,590734
2025-03-04 16:30:00+00:00,200.55999755859375,200.55999755859375,200.98500061035156,199.77999877929688,200.35499572753906,367529
2025-03-04 17:30:00+00:00,199.61000061035156,199.61000061035156,200.8699951171875,199.5399932861328,200.8300018310547,447013
2025-03-04 18:30:00+00:00,200.50999450683594,200.50999450683594,200.8699951171875,199.44000244140625,199.91299438476562,348762
2025-03-04 19:30:00+00:00,200.88070678710938,200.88070678710938,201.6300048828125,200.0,200.67649841308594,769002
2025-03-04 20:30:00+00:00,199.07000732421875,199.07000732421875,200.72000122070312,198.4199981689453,200.72000122070312,539438
2025-03-05 14:30:00+00:00,198.57000732421875,198.57000732421875,201.49000549316406,198.0399932861328,198.0399932861328,540510
2025-03-05 15:30:00+00:00,197.31500244140625,197.31500244140625,199.1999053955078,196.92999267578125,198.3800048828125,233379
2025-03-05 16:30:00+00:00,198.47999572753906,198.47999572753906,198.61000061035156,196.92999267578125,197.57000732421875,258757
2025-03-05 17:30:00+00:00,198.24000549316406,198.24000549316406,199.0,198.14999389648438,198.14999389648438,193228
2025-03-05 18:30:00+00:00,199.16000366210938,199.16000366210938,199.6199951171875,197.7100067138672,198.46499633789062,431686
2025-03-05 19:30:00+00:00,199.25,199.25,199.75990295410156,198.74000549316406,199.0,308465
2025-03-05 20:30:00+00:00,199.52999877929688,199.52999877929688,199.77999877929688,198.43499755859375,199.14999389648438,280058
2025-03-06 14:30:00+00:00,197.3699951171875,197.3699951171875,201.99000549316406,195.75,196.0,333073
2025-03-06 15:30:00+00:00,197.9600067138672,197.9600067138672,198.36000061035156,196.6363983154297,197.19000244140625,190392
2025-03-06 16:30:00+00:00,196.61000061035156,196.61000061035156,198.11000061035156,196.39999389648438,198.02000427246094,247092
2025-03-06 17:30:00+00:00,196.82000732421875,196.82000732421875,197.11680603027344,196.30999755859375,196.64500427246094,263208
2025-03-06 18:30:00+00:00,196.3800048828125,196.3800048828125,197.01499938964844,195.93499755859375,197.00999450683594,406104
2025-03-06 19:30:00+00:00,197.00999450683594,197.00999450683594,197.4499969482422,196.10499572753906,196.5500030517578,277959
2025-03-06 20:30:00+00:00,197.3800048828125,197.3800048828125,197.77000427246094,196.8000030517578,197.13999938964844,297712
2025-03-07 14:30:00+00:00,199.06500244140625,199.06500244140625,200.16000366210938,195.77999877929688,197.3000030517578,186643
2025-03-07 15:30:00+00:00,198.10000610351562,198.10000610351562,199.82000732421875,197.8704071044922,199.05999755859375,199577
2025-03-07 16:30:00+00:00,198.27000427246094,198.27000427246094,199.39999389648438,198.10000610351562,198.14999389648438,171805
2025-03-07 17:30:00+00:00,199.8000030517578,199.8000030517578,200.12660217285156,197.99000549316406,198.1699981689453,139735
2025-03-07 18:30:00+00:00,200.8350067138672,200.8350067138672,201.22000122070312,199.4600067138672,199.80999755859375,162587
2025-03-07 19:30:00+00:00,201.22000122070312,201.22000122070312,201.30499267578125,200.17999267578125,200.8300018310547,433324
2025-03-07 20:30:00+00:00,200.75,200.75,201.4199981689453,200.27999877929688,201.26499938964844,385144
2025-03-10 13:30:00+00:00,200.52000427246094,200.52000427246094,202.33560180664062,198.10499572753906,198.6300048828125,294444
2025-03-10 14:30:00+00:00,201.72999572753906,201.72999572753906,203.52999877929688,200.22250366210938,200.5449981689453,204462
2025-03-10 15:30:00+00:00,201.34500122070312,201.34500122070312,201.92999267578125,200.7801055908203,201.77000427246094,153167
2025-03-10 16:30:00+00:00,199.4600067138672,199.4600067138672,201.97500610351562,199.2899932861328,201.3699951171875,227261
2025-03-10 17:30:00+00:00,199.30999755859375,199.30999755859375,199.80999755859375,198.64999389648438,199.39999389648438,291088
2025-03-10 18:30:00+00:00,198.73500061035156,198.73500061035156,199.5,197.31500244140625,199.3300018310547,293788
2025-03-10 19:30:00+00:00,198.83999633789062,198.83999633789062,199.7899932861328,198.5800018310547,198.66000366210938,559394
2025-03-11 13:30:00+00:00,197.4600067138672,197.4600067138672,199.9499969482422,194.1584014892578,198.75,436445
2025-03-11 14:30:00+00:00,197.0749969482422,197.0749969482422,197.77499389648438,194.1584014892578,195.1300048828125,654090
2025-03-11 15:30:00+00:00,198.32000732421875,198.32000732421875,198.4499969482422,197.0,197.52000427246094,491951
2025-03-11 16:30:00+00:00,198.77000427246094,198.77000427246094,198.99000549316406,197.49000549316406,197.52000427246094,563598
2025-03-11 17:30:00+00:00,201.2050018310547,201.2050018310547,201.9499969482422,198.57000732421875,198.59500122070312,857726
2025-03-11 18:30:00+00:00,202.2100067138672,202.2100067138672,203.1199951171875,200.35000610351562,200.3699951171875,1250150
2025-03-11 19:30:00+00:00,201.61000061035156,201.61000061035156,203.60000610351562,201.58999633789062,202.08999633789062,734727
2025-03-12 13:30:00+00:00,195.05999755859375,195.05999755859375,204.99000549316406,192.8300018310547,204.99000549316406,850670
2025-03-12 14:30:00+00:00,194.67999267578125,194.67999267578125,195.39999389648438,192.8300018310547,195.39999389648438,841810
2025-03-12 15:30:00+00:00,195.25,195.25,196.00999450683594,194.3300018310547,194.58999633789062,692124
2025-03-12 16:30:00+00:00,196.5399932861328,196.5399932861328,196.5399932861328,195.0399932861328,195.7100067138672,411831
2025-03-12 17:30:00+00:00,197.24000549316406,197.24000549316406,197.44000244140625,196.01499938964844,196.07000732421875,311452
2025-03-12 18:30:00+00:00,198.55999755859375,198.55999755859375,198.6199951171875,196.9657745361328,197.07000732421875,570369
2025-03-12 19:30:00+00:00,198.1999969482422,198.1999969482422,198.8300018310547,197.7899932861328,198.58999633789062,481206
2025-03-13 13:30:00+00:00,201.19000244140625,201.19000244140625,202.2100067138672,198.89999389648438,199.24000549316406,203306
2025-03-13 14:30:00+00:00,201.57000732421875,201.57000732421875,201.88999938964844,200.5831756591797,201.73800659179688,272703
2025-03-13 15:30:00+00:00,201.5449981689453,201.5449981689453,201.9499969482422,200.82000732421875,201.64999389648438,271666
2025-03-13 16:30:00+00:00,201.4600067138672,201.4600067138672,201.72000122070312,201.0,201.4416046142578,285225
2025-03-13 17:30:00+00:00,201.4199981689453,201.4199981689453,201.69000244140625,200.91000366210938,201.5,310903
2025-03-13 18:30:00+00:00,201.4499969482422,201.4499969482422,202.0,201.25,201.51499938964844,357138
2025-03-13 19:30:00+00:00,202.0,202.0,202.25,201.4199981689453,201.4499969482422,423343
2025-03-14 13:30:00+00:00,203.18499755859375,203.18499755859375,203.27999877929688,201.25,202.52000427246094,277602
2025-03-14 14:30:00+00:00,205.14500427246094,205.14500427246094,205.30999755859375,201.72000122070312,202.1999969482422,379385
2025-03-14 15:30:00+00:00,204.9600067138672,204.9600067138672,205.5800018310547,204.5399932861328,204.89999389648438,427706
2025-03-14 16:30:00+00:00,205.5500030517578,205.5500030517578,205.55999755859375,204.5399932861328,204.5399932861328,259434
2025-03-14 17:30:00+00:00,206.23989868164062,206.23989868164062,206.4199981689453,204.82000732421875,204.9949951171875,547971
2025-03-14 18:30:00+00:00,206.9499969482422,206.9499969482422,207.17999267578125,205.89999389648438,206.3699951171875,630346
2025-03-14 19:30:00+00:00,207.4499969482422,207.4499969482422,207.86000061035156,206.27000427246094,206.9499969482422,599187
2025-03-17 13:30:00+00:00,209.4199981689453,209.4199981689453,210.3498992919922,205.7100067138672,207.49000549316406,487680
2025-03-17 14:30:00+00:00,209.1999969482422,209.1999969482422,210.3498992919922,208.8800048828125,209.14999389648438,444897
2025-03-17 15:30:00+00:00,209.02720642089844,209.02720642089844,209.61000061035156,207.8699951171875,209.00999450683594,338189
2025-03-17 16:30:00+00:00,209.9199981689453,209.9199981689453,210.03219604492188,208.34080505371094,208.5500030517578,257724
2025-03-17 17:30:00+00:00,209.16000366210938,209.16000366210938,210.03219604492188,209.05999755859375,209.8000030517578,246089
2025-03-17 18:30:00+00:00,209.00999450683594,209.00999450683594,209.52000427246094,208.3699951171875,209.35499572753906,509629
2025-03-17 19:30:00+00:00,210.13999938964844,210.13999938964844,211.14999389648438,208.50999450683594,209.00999450683594,1085400
2025-03-18 13:30:00+00:00,209.36000061035156,209.36000061035156,210.30999755859375,208.0500030517578,210.30999755859375,351099
2025-03-18 14:30:00+00:00,207.22000122070312,207.22000122070312,209.57989501953125,206.7899932861328,209.05499267578125,613058
2025-03-18 15:30:00+00:00,208.1300048828125,208.1300048828125,208.1300048828125,206.8300018310547,207.25999450683594,349164
2025-03-18 16:30:00+00:00,208.1199951171875,208.1199951171875,208.39999389648438,207.3300018310547,207.38499450683594,242129
2025-03-18 17:30:00+00:00,206.875,206.875,208.1300048828125,206.83999633789062,207.36000061035156,291575
2025-03-18 18:30:00+00:00,206.25999450683594,206.25999450683594,207.57000732421875,205.80999755859375,207.44000244140625,478198
2025-03-18 19:30:00+00:00,205.3800048828125,205.3800048828125,206.30999755859375,204.97000122070312,206.21499633789062,363686
2025-03-19 13:30:00+00:00,204.0500030517578,204.0500030517578,205.58999633789062,202.8000946044922,205.58999633789062,329803
2025-03-19 14:30:00+00:00,204.16000366210938,204.16000366210938,204.89500427246094,203.57000732421875,204.0399932861328,474017
2025-03-19 15:30:00+00:00,204.60000610351562,204.60000610351562,205.15989685058594,204.1300048828125,204.3000030517578,200379
2025-03-19 16:30:00+00:00,204.6699981689453,204.6699981689453,205.0,204.2899932861328,204.60000610351562,347535
2025-03-19 17:30:00+00:00,203.6999969482422,203.6999969482422,204.88999938964844,202.84500122070312,204.88999938964844,273875
2025-03-19 18:30:00+00:00,204.7899932861328,204.7899932861328,204.89720153808594,203.5399932861328,203.8300018310547,445398
2025-03-19 19:30:00+00:00,204.8000030517578,204.8000030517578,205.3000030517578,204.4600067138672,204.8350067138672,318518
2025-03-20 13:30:00+00:00,212.4149932861328,212.4149932861328,212.5500030517578,207.13999938964844,208.1199951171875,605468
2025-03-20 14:30:00+00:00,210.74000549316406,210.74000549316406,212.91000366210938,209.60800170898438,209.75,842029
2025-03-20 15:30:00+00:00,211.90499877929688,211.90499877929688,212.21420288085938,210.26499938964844,210.875,562221
2025-03-20 16:30:00+00:00,210.22000122070312,210.22000122070312,212.10000610351562,210.1699981689453,211.74000549316406,363897
2025-03-20 17:30:00+00:00,210.19500732421875,210.19500732421875,210.85000610351562,209.8824005126953,210.57000732421875,501989
2025-03-20 18:30:00+00:00,209.73500061035156,209.73500061035156,211.0,209.0399932861328,210.38499450683594,585507
2025-03-20 19:30:00+00:00,210.41000366210938,210.41000366210938,210.60000610351562,209.64999389648438,209.7050018310547,401180
2025-03-21 13:30:00+00:00,208.13999938964844,208.13999938964844,211.0,207.00999450683594,211.0,769701
2025-03-21 14:30:00+00:00,207.82000732421875,207.82000732421875,208.72999572753906,207.00999450683594,208.72999572753906,248221
2025-03-21 15:30:00+00:00,207.75999450683594,207.75999450683594,208.09519958496094,207.39999389648438,207.97000122070312,223161
2025-03-21 16:30:00+00:00,206.6699981689453,206.6699981689453,207.9600067138672,206.6699981689453,207.60000610351562,293185
2025-03-21 17:30:00+00:00,207.889892578125,207.889892578125,208.22999572753906,206.5,206.75999450683594,278364
2025-03-21 18:30:00+00:00,206.3000030517578,206.3000030517578,208.22999572753906,206.3000030517578,208.0800018310547,378239
2025-03-21 19:30:00+00:00,206.5,206.5,206.63999938964844,205.50999450683594,206.36000061035156,487446
2025-03-24 13:30:00+00:00,206.44000244140625,206.44000244140625,208.0050048828125,206.1699981689453,206.47000122070312,312436
2025-03-24 14:30:00+00:00,207.11000061035156,207.11000061035156,208.0050048828125,206.1699981689453,207.22000122070312,260813
2025-03-24 15:30:00+00:00,207.32000732421875,207.32000732421875,207.73500061035156,206.7906951904297,207.22000122070312,151704
2025-03-24 16:30:00+00:00,206.34500122070312,206.34500122070312,207.49989318847656,206.22000122070312,207.32000732421875,174261
2025-03-24 17:30:00+00:00,205.89999389648438,205.89999389648438,206.77000427246094,205.72999572753906,206.6649932861328,202692
2025-03-24 18:30:00+00:00,206.47000122070312,206.47000122070312,206.7100067138672,205.72999572753906,205.875,252701
2025-03-24 19:30:00+00:00,207.3000030517578,207.3000030517578,207.5800018310547,206.48500061035156,206.48500061035156,209971
2025-03-25 13:30:00+00:00,208.8699951171875,208.8699951171875,214.99000549316406,207.2100067138672,214.99000549316406,150173
2025-03-25 14:30:00+00:00,208.05999755859375,208.05999755859375,209.34500122070312,207.8000030517578,207.8000030517578,193539
2025-03-25 15:30:00+00:00,207.51499938964844,207.51499938964844,208.42999267578125,207.1199951171875,208.13499450683594,146104
2025-03-25 16:30:00+00:00,207.5399932861328,207.5399932861328,207.74310302734375,207.1699981689453,207.3800048828125,130479
2025-03-25 17:30:00+00:00,207.38999938964844,207.38999938964844,207.77000427246094,207.17999267578125,207.63999938964844,125684
2025-03-25 18:30:00+00:00,207.34500122070312,207.34500122070312,207.6300048828125,206.85000610351562,207.4600067138672,209857
2025-03-25 19:30:00+00:00,208.11000061035156,208.11000061035156,208.22000122070312,206.10499572753906,207.36500549316406,286445
2025-03-26 13:30:00+00:00,209.50999450683594,209.50999450683594,211.22999572753906,208.00999450683594,208.7100067138672,190883
2025-03-26 14:30:00+00:00,208.8000030517578,208.8000030517578,210.39999389648438,208.7899932861328,209.8800048828125,211723
2025-03-26 15:30:00+00:00,208.72999572753906,208.72999572753906,209.10940551757812,208.0399932861328,208.9499969482422,155536
2025-03-26 16:30:00+00:00,208.7050018310547,208.7050018310547,209.1199951171875,208.5,208.5800018310547,179951
2025-03-26 17:30:00+00:00,208.9600067138672,208.9600067138672,209.13999938964844,208.52000427246094,208.72000122070312,208354
2025-03-26 18:30:00+00:00,208.7050018310547,208.7050018310547,209.05499267578125,208.02749633789062,208.98500061035156,286784
2025-03-26 19:30:00+00:00,209.25999450683594,209.25999450683594,209.8699951171875,208.6199951171875,208.6999969482422,204135
2025-03-27 13:30:00+00:00,208.39999389648438,208.39999389648438,210.6199951171875,207.80999755859375,209.36000061035156,347057
2025-03-27 14:30:00+00:00,208.88999938964844,208.88999938964844,209.47999572753906,208.19000244140625,209.22000122070312,453822
2025-03-27 15:30:00+00:00,208.3699951171875,208.3699951171875,209.47999572753906,207.84249877929688,209.39999389648438,233476
2025-03-27 16:30:00+00:00,208.47000122070312,208.47000122070312,208.75,207.5,207.97500610351562,279280
2025-03-27 17:30:00+00:00,208.6475067138672,208.6475067138672,209.07000732421875,208.17999267578125,208.4600067138672,219394
2025-03-27 18:30:00+00:00,209.28500366210938,209.28500366210938,209.2899932861328,207.9600067138672,209.0,263714
2025-03-27 19:30:00+00:00,209.22999572753906,209.22999572753906,209.7100067138672,208.7899932861328,209.3000030517578,474872
2025-03-28 13:30:00+00:00,205.94500732421875,205.94500732421875,210.32000732421875,205.6999969482422,210.32000732421875,443426
2025-03-28 14:30:00+00:00,206.8009033203125,206.8009033203125,207.25999450683594,205.6649932861328,207.05999755859375,392287
2025-03-28 15:30:00+00:00,206.3000030517578,206.3000030517578,207.39999389648438,206.3000030517578,206.80999755859375,205664
2025-03-28 16:30:00+00:00,204.9149932861328,204.9149932861328,206.8000030517578,204.9149932861328,206.72500610351562,223732
2025-03-28 17:30:00+00:00,204.87010192871094,204.87010192871094,205.77000427246094,204.8000030517578,205.00999450683594,313342
2025-03-28 18:30:00+00:00,205.57000732421875,205.57000732421875,205.61000061035156,204.8000030517578,205.16000366210938,368457
2025-03-28 19:30:00+00:00,206.3699951171875,206.3699951171875,206.6999969482422,205.19000244140625,205.5500030517578,460230
2025-03-31 13:30:00+00:00,208.0050048828125,208.0050048828125,208.0399932861328,205.08999633789062,206.0399932861328,214672
2025-03-31 14:30:00+00:00,207.05999755859375,207.05999755859375,208.4600067138672,206.6199951171875,207.85000610351562,158265
2025-03-31 15:30:00+00:00,206.38999938964844,206.38999938964844,207.07000732421875,205.77999877929688,207.07000732421875,157610
2025-03-31 16:30:00+00:00,206.5,206.5,206.75,205.94000244140625,206.3699951171875,118730
2025-03-31 17:30:00+00:00,206.7550048828125,206.7550048828125,207.6240997314453,206.11000061035156,206.4425048828125,95393
2025-03-31 18:30:00+00:00,206.91000366210938,206.91000366210938,207.74000549316406,206.55999755859375,206.86000061035156,162363
2025-03-31 19:30:00+00:00,207.0500030517578,207.0500030517578,208.25999450683594,206.5800018310547,206.9199981689453,375576
2025-04-01 13:30:00+00:00,206.89999389648438,206.89999389648438,208.6199951171875,206.36000061035156,207.7899932861328,179826
2025-04-01 14:30:00+00:00,209.11000061035156,209.11000061035156,209.16000366210938,206.92999267578125,206.94500732421875,178395
2025-04-01 15:30:00+00:00,209.4199981689453,209.4199981689453,210.17999267578125,208.86000061035156,209.0500030517578,202078
2025-04-01 16:30:00+00:00,207.0,207.0,209.52000427246094,207.0,209.5030059814453,147110
2025-04-01 17:30:00+00:00,207.30999755859375,207.30999755859375,207.63499450683594,206.8699951171875,207.02000427246094,213897
2025-04-01 18:30:00+00:00,207.77000427246094,207.77000427246094,207.77000427246094,206.8699951171875,207.32000732421875,144362
2025-04-01 19:30:00+00:00,207.52999877929688,207.52999877929688,207.97000122070312,207.27000427246094,207.67999267578125,265801
2025-04-02 13:30:00+00:00,204.76499938964844,204.76499938964844,207.52999877929688,203.77000427246094,206.63999938964844,152772
2025-04-02 14:30:00+00:00,206.11000061035156,206.11000061035156,206.2899932861328,204.80999755859375,204.9600067138672,160950
2025-04-02 15:30:00+00:00,205.70700073242188,205.70700073242188,206.4199981689453,204.5800018310547,206.1750030517578,209228
2025-04-02 16:30:00+00:00,206.38999938964844,206.38999938964844,206.4320068359375,205.52999877929688,205.6300048828125,197173
2025-04-02 17:30:00+00:00,205.1699981689453,205.1699981689453,206.52999877929688,205.1699981689453,206.39500427246094,130175
2025-04-02 18:30:00+00:00,204.9199981689453,204.9199981689453,205.72999572753906,204.7899932861328,205.1649932861328,198987
2025-04-02 19:30:00+00:00,205.3699951171875,205.3699951171875,205.75,204.6300048828125,204.85000610351562,313331
2025-04-03 13:30:00+00:00,204.27000427246094,204.27000427246094,206.14999389648438,202.27999877929688,202.47000122070312,241546
2025-04-03 14:30:00+00:00,204.52000427246094,204.52000427246094,205.72999572753906,204.25,204.26499938964844,199373
2025-04-03 15:30:00+00:00,206.77000427246094,206.77000427246094,207.10000610351562,204.27000427246094,204.47999572753906,192664
2025-04-03 16:30:00+00:00,207.39999389648438,207.39999389648438,207.62570190429688,205.92999267578125,206.92999267578125,133129
2025-04-03 17:30:00+00:00,207.47000122070312,207.47000122070312,207.7825927734375,206.94000244140625,207.36000061035156,163505
2025-04-03 18:30:00+00:00,206.5399932861328,206.5399932861328,208.44000244140625,206.1699981689453,207.4600067138672,333144
2025-04-03 19:30:00+00:00,205.32000732421875,205.32000732421875,207.02000427246094,205.2100067138672,206.6699981689453,458608
2025-04-04 13:30:00+00:00,195.9199981689453,195.9199981689453,203.64999389648438,195.71380615234375,202.35000610351562,318939
2025-04-04 14:30:00+00:00,193.7899932861328,193.7899932861328,197.69000244140625,193.4499969482422,196.1199951171875,536779
2025-04-04 15:30:00+00:00,191.11500549316406,191.11500549316406,194.36000061035156,190.6999969482422,194.0,355478
2025-04-04 16:30:00+00:00,189.72000122070312,189.72000122070312,192.0800018310547,188.69500732421875,191.17999267578125,290342
2025-04-04 17:30:00+00:00,187.4199981689453,187.4199981689453,190.8300018310547,187.16000366210938,189.72500610351562,311222
2025-04-04 18:30:00+00:00,187.8800048828125,187.8800048828125,188.77499389648438,186.22999572753906,187.39500427246094,477200
2025-04-04 19:30:00+00:00,186.55999755859375,186.55999755859375,189.50999450683594,186.50999450683594,187.7899932861328,625930
2025-04-07 13:30:00+00:00,178.83999633789062,178.83999633789062,187.38999938964844,176.00010681152344,183.1999969482422,688575
2025-04-07 14:30:00+00:00,177.41000366210938,177.41000366210938,182.85000610351562,177.1199951171875,179.07000732421875,454225
2025-04-07 15:30:00+00:00,179.32000732421875,179.32000732421875,181.13999938964844,177.0800018310547,177.72000122070312,369765
2025-04-07 16:30:00+00:00,180.14999389648438,180.14999389648438,180.27999877929688,177.0500030517578,179.36000061035156,360990
2025-04-07 17:30:00+00:00,181.5,181.5,182.75,179.25999450683594,180.02999877929688,391105
2025-04-07 18:30:00+00:00,179.3300018310547,179.3300018310547,181.77999877929688,178.9600067138672,181.52000427246094,463729
2025-04-07 19:30:00+00:00,180.52999877929688,180.52999877929688,181.42999267578125,179.47000122070312,179.52999877929688,684589
2025-04-08 13:30:00+00:00,189.11000061035156,189.11000061035156,189.58999633789062,185.0,186.80999755859375,274647
2025-04-08 14:30:00+00:00,186.77999877929688,186.77999877929688,189.27870178222656,186.32000732421875,189.10000610351562,362399
2025-04-08 15:30:00+00:00,187.47000122070312,187.47000122070312,189.11000061035156,186.6999969482422,186.80999755859375,197424
2025-04-08 16:30:00+00:00,183.1750030517578,183.1750030517578,187.50059509277344,183.0,187.47000122070312,361707
2025-04-08 17:30:00+00:00,182.97999572753906,182.97999572753906,184.9105987548828,182.66000366210938,183.18499755859375,342521
2025-04-08 18:30:00+00:00,183.30999755859375,183.30999755859375,184.75,182.42999267578125,182.97999572753906,404375
2025-04-08 19:30:00+00:00,183.55999755859375,183.55999755859375,183.66000366210938,180.80999755859375,183.3000030517578,654569
2025-04-09 13:30:00+00:00,182.38299560546875,182.38299560546875,184.9199981689453,180.0,180.0,269613
2025-04-09 14:30:00+00:00,181.86000061035156,181.86000061035156,183.22000122070312,180.31500244140625,182.58999633789062,164466
2025-04-09 15:30:00+00:00,181.14999389648438,181.14999389648438,182.25999450683594,180.0399932861328,181.83999633789062,133409
2025-04-09 16:30:00+00:00,188.97000122070312,188.97000122070312,191.3800048828125,180.57000732421875,181.05999755859375,368099
2025-04-09 17:30:00+00:00,191.18499755859375,191.18499755859375,192.91000366210938,188.52000427246094,188.97000122070312,474195
2025-04-09 18:30:00+00:00,191.9600067138672,191.9600067138672,192.4949951171875,189.0500030517578,190.85000610351562,374831
2025-04-09 19:30:00+00:00,193.1199951171875,193.1199951171875,194.22999572753906,191.22999572753906,191.9199981689453,627520
2025-04-10 13:30:00+00:00,192.1750030517578,192.1750030517578,193.98500061035156,190.0500030517578,191.80999755859375,204676
2025-04-10 14:30:00+00:00,192.57000732421875,192.57000732421875,193.32000732421875,191.5399932861328,192.3300018310547,165263
2025-04-10 15:30:00+00:00,187.75999450683594,187.75999450683594,192.64999389648438,187.2100067138672,192.64999389648438,204619
2025-04-10 16:30:00+00:00,188.6699981689453,188.6699981689453,191.25,186.6300048828125,187.75999450683594,253315
2025-04-10 17:30:00+00:00,192.92990112304688,192.92990112304688,193.0399932861328,188.41000366210938,188.42999267578125,268907
2025-04-10 18:30:00+00:00,190.10000610351562,190.10000610351562,193.22999572753906,190.10000610351562,193.0,187493
2025-04-10 19:30:00+00:00,190.86000061035156,190.86000061035156,191.40499877929688,188.30499267578125,190.2899932861328,338829
2025-04-11 13:30:00+00:00,187.31500244140625,187.31500244140625,190.7899932861328,187.02499389648438,189.4199981689453,163962
2025-04-11 14:30:00+00:00,188.76499938964844,188.76499938964844,190.8000030517578,187.30999755859375,187.49000549316406,265360
2025-04-11 15:30:00+00:00,190.4149932861328,190.4149932861328,190.5050048828125,188.2100067138672,188.7550048828125,157939
2025-04-11 16:30:00+00:00,191.47999572753906,191.47999572753906,192.1999969482422,190.6199951171875,190.6199951171875,214781
2025-04-11 17:30:00+00:00,191.38999938964844,191.38999938964844,193.09359741210938,190.6699981689453,191.52999877929688,294155
2025-04-11 18:30:00+00:00,192.85499572753906,192.85499572753906,193.19000244140625,190.9600067138672,191.44000244140625,252254
2025-04-11 19:30:00+00:00,192.5,192.5,193.3699951171875,192.44000244140625,192.77000427246094,287547
2025-04-14 13:30:00+00:00,194.6699981689453,194.6699981689453,196.35000610351562,193.3699951171875,194.22000122070312,162415
2025-04-14 14:30:00+00:00,195.13999938964844,195.13999938964844,196.17999267578125,194.47000122070312,194.6750030517578,120643
2025-04-14 15:30:00+00:00,195.4199981689453,195.4199981689453,195.72000122070312,194.38009643554688,194.91000366210938,143396
2025-04-14 16:30:00+00:00,195.46499633789062,195.46499633789062,197.43499755859375,195.41000366210938,195.4600067138672,231634
2025-04-14 17:30:00+00:00,196.00999450683594,196.00999450683594,196.22689819335938,195.41000366210938,195.53500366210938,148219
2025-04-14 18:30:00+00:00,196.5050048828125,196.5050048828125,197.02000427246094,195.9199981689453,196.02499389648438,189507
2025-04-14 19:30:00+00:00,195.57000732421875,195.57000732421875,196.97999572753906,195.4199981689453,196.5050048828125,389857
2025-04-15 13:30:00+00:00,196.5800018310547,196.5800018310547,197.9199981689453,194.72000122070312,196.2100067138672,154680
2025-04-15 14:30:00+00:00,196.22999572753906,196.22999572753906,197.1300048828125,196.22999572753906,196.6649932861328,102419
2025-04-15 15:30:00+00:00,195.71499633789062,195.71499633789062,196.57760620117188,195.57000732421875,196.35499572753906,96918
2025-04-15 16:30:00+00:00,195.0800018310547,195.0800018310547,196.0500030517578,194.97999572753906,195.80999755859375,87652
2025-04-15 17:30:00+00:00,195.30999755859375,195.30999755859375,195.75999450683594,194.7899932861328,195.13999938964844,156758
2025-04-15 18:30:00+00:00,195.05499267578125,195.05499267578125,195.5399932861328,194.99000549316406,195.30499267578125,147108
2025-04-15 19:30:00+00:00,194.5399932861328,194.5399932861328,195.3000030517578,194.33999633789062,195.1750030517578,353638
2025-04-16 13:30:00+00:00,196.06500244140625,196.06500244140625,196.92999267578125,194.54010009765625,196.0800018310547,237790
2025-04-16 14:30:00+00:00,197.35000610351562,197.35000610351562,197.35000610351562,195.46499633789062,196.1425018310547,287945
2025-04-16 15:30:00+00:00,196.71499633789062,196.71499633789062,197.72000122070312,196.69000244140625,197.31500244140625,111981
2025-04-16 16:30:00+00:00,196.00999450683594,196.00999450683594,196.86000061035156,195.6199951171875,196.7100067138672,111995
2025-04-16 17:30:00+00:00,194.9199981689453,194.9199981689453,196.02999877929688,193.86000061035156,196.02999877929688,180628
2025-04-16 18:30:00+00:00,193.35000610351562,193.35000610351562,194.9199981689453,193.35000610351562,194.80999755859375,121259
2025-04-16 19:30:00+00:00,194.22999572753906,194.22999572753906,194.52000427246094,192.9199981689453,193.39999389648438,243425
2025-04-17 13:30:00+00:00,193.8800048828125,193.8800048828125,196.8300018310547,193.61000061035156,195.8000030517578,473855
2025-04-17 14:30:00+00:00,195.11000061035156,195.11000061035156,196.04800415039062,193.16000366210938,193.77999877929688,145175
2025-04-17 15:30:00+00:00,195.5800018310547,195.5800018310547,195.7100067138672,194.52999877929688,195.227294921875,169835
2025-04-17 16:30:00+00:00,195.8800048828125,195.8800048828125,196.33999633789062,195.27999877929688,195.4600067138672,178328
2025-04-17 17:30:00+00:00,195.8249969482422,195.8249969482422,196.72999572753906,195.58949279785156,195.86000061035156,166920
2025-04-17 18:30:00+00:00,195.5399932861328,195.5399932861328,196.4199981689453,195.25169372558594,195.81500244140625,168467
2025-04-17 19:30:00+00:00,194.64999389648438,194.64999389648438,195.86000061035156,194.50999450683594,195.64999389648438,303095
2025-04-21 13:30:00+00:00,191.05499267578125,191.05499267578125,192.99000549316406,190.72999572753906,192.05999755859375,121355
2025-04-21 14:30:00+00:00,188.75,188.75,191.24000549316406,188.65499877929688,191.24000549316406,191428
2025-04-21 15:30:00+00:00,187.4499969482422,187.4499969482422,188.74000549316406,187.125,188.61050415039062,108288
2025-04-21 16:30:00+00:00,186.11500549316406,186.11500549316406,187.86000061035156,185.68099975585938,187.5,88085
2025-04-21 17:30:00+00:00,185.36500549316406,185.36500549316406,186.25999450683594,184.62269592285156,186.11500549316406,99525
2025-04-21 18:30:00+00:00,185.9499053955078,185.9499053955078,185.9499053955078,184.8800048828125,185.37750244140625,174398
2025-04-21 19:30:00+00:00,186.9499969482422,186.9499969482422,187.08999633789062,185.42999267578125,185.90049743652344,277298
2025-04-22 13:30:00+00:00,191.2100067138672,191.2100067138672,191.4149932861328,188.9528045654297,190.4199981689453,135056
2025-04-22 14:30:00+00:00,192.19000244140625,192.19000244140625,192.4499969482422,190.80999755859375,191.16000366210938,108367
2025-04-22 15:30:00+00:00,192.72999572753906,192.72999572753906,193.61000061035156,192.0399932861328,192.25999450683594,142296
2025-04-22 16:30:00+00:00,191.7100067138672,191.7100067138672,193.07859802246094,191.57000732421875,192.8249969482422,116491
2025-04-22 17:30:00+00:00,192.625,192.625,192.8699951171875,191.3350067138672,191.66000366210938,122377
2025-04-22 18:30:00+00:00,193.22500610351562,193.22500610351562,193.50999450683594,192.67999267578125,192.72999572753906,226543
2025-04-22 19:30:00+00:00,193.85000610351562,193.85000610351562,194.47999572753906,193.14999389648438,193.14999389648438,404125
2025-04-23 13:30:00+00:00,194.96499633789062,194.96499633789062,195.5299072265625,192.85000610351562,194.6999969482422,220778
2025-04-23 14:30:00+00:00,194.49000549316406,194.49000549316406,196.41000366210938,194.2100067138672,195.13999938964844,119843
2025-04-23 15:30:00+00:00,193.7100067138672,193.7100067138672,194.69000244140625,193.24000549316406,194.49000549316406,64340
2025-04-23 16:30:00+00:00,194.77000427246094,194.77000427246094,195.33999633789062,193.72999572753906,193.74000549316406,68396
2025-04-23 17:30:00+00:00,193.85000610351562,193.85000610351562,194.83999633789062,193.80999755859375,194.75999450683594,71214
2025-04-23 18:30:00+00:00,193.75,193.75,194.47000122070312,193.43699645996094,193.97000122070312,120145
2025-04-23 19:30:00+00:00,194.72000122070312,194.72000122070312,195.05999755859375,193.6699981689453,193.91000366210938,242710
2025-04-24 13:30:00+00:00,193.9550018310547,193.9550018310547,194.32000732421875,192.33999633789062,193.89999389648438,113310
2025-04-24 14:30:00+00:00,194.39999389648438,194.39999389648438,194.72999572753906,193.8300018310547,193.8699951171875,84100
2025-04-24 15:30:00+00:00,195.36000061035156,195.36000061035156,195.36000061035156,194.1199951171875,194.31500244140625,75115
2025-04-24 16:30:00+00:00,195.08999633789062,195.08999633789062,195.88999938964844,195.08999633789062,195.35000610351562,53245
2025-04-24 17:30:00+00:00,194.7899932861328,194.7899932861328,195.49000549316406,194.6750030517578,195.0500030517578,75932
2025-04-24 18:30:00+00:00,195.0200958251953,195.0200958251953,195.47000122070312,194.6750030517578,194.8300018310547,111945
2025-04-24 19:30:00+00:00,194.83999633789062,194.83999633789062,195.3699951171875,194.3800048828125,195.13870239257812,214859
2025-04-25 13:30:00+00:00,191.4199981689453,191.4199981689453,194.86000061035156,190.6300048828125,194.74000549316406,96124
2025-04-25 14:30:00+00:00,192.2270965576172,192.2270965576172,193.14500427246094,191.4199981689453,191.60000610351562,66855
2025-04-25 15:30:00+00:00,192.8350067138672,192.8350067138672,192.88999938964844,192.0,192.3531951904297,66853
2025-04-25 16:30:00+00:00,192.56500244140625,192.56500244140625,192.8800048828125,192.16000366210938,192.8350067138672,104450
2025-04-25 17:30:00+00:00,193.08999633789062,193.08999633789062,193.24000549316406,192.22120666503906,192.56500244140625,140290
2025-04-25 18:30:00+00:00,193.1199951171875,193.1199951171875,193.39999389648438,192.610107421875,193.10000610351562,93662
2025-04-25 19:30:00+00:00,192.9499969482422,192.9499969482422,193.3800048828125,192.4199981689453,192.97999572753906,297697
2025-04-28 13:30:00+00:00,194.75999450683594,194.75999450683594,194.97999572753906,192.33999633789062,193.66000366210938,139216
2025-04-28 14:30:00+00:00,194.6199951171875,194.6199951171875,195.2100067138672,194.14500427246094,194.57000732421875,81056
2025-04-28 15:30:00+00:00,194.74000549316406,194.74000549316406,194.97999572753906,194.3000030517578,194.6649932861328,88300
2025-04-28 16:30:00+00:00,194.73500061035156,194.73500061035156,195.18499755859375,194.47000122070312,194.8249969482422,110712
2025-04-28 17:30:00+00:00,195.0050048828125,195.0050048828125,195.1199951171875,194.36000061035156,194.63999938964844,101767
2025-04-28 18:30:00+00:00,195.05999755859375,195.05999755859375,195.1199951171875,194.61000061035156,195.02000427246094,126573
2025-04-28 19:30:00+00:00,195.3800048828125,195.3800048828125,195.6300048828125,194.33999633789062,195.0749969482422,392967
2025-04-29 13:30:00+00:00,195.68499755859375,195.68499755859375,196.4149932861328,194.72999572753906,194.74000549316406,105933
2025-04-29 14:30:00+00:00,196.5500030517578,196.5500030517578,196.72000122070312,195.375,195.68499755859375,88116
2025-04-29 15:30:00+00:00,197.22000122070312,197.22000122070312,197.6300048828125,195.9199981689453,196.41000366210938,97769
2025-04-29 16:30:00+00:00,197.58999633789062,197.58999633789062,197.58999633789062,196.5500030517578,197.3000030517578,146314
2025-04-29 17:30:00+00:00,197.77000427246094,197.77000427246094,198.14999389648438,197.49000549316406,197.58999633789062,112212
2025-04-29 18:30:00+00:00,198.0399932861328,198.0399932861328,198.10000610351562,197.71180725097656,197.75999450683594,176884
2025-04-29 19:30:00+00:00,198.85000610351562,198.85000610351562,199.35000610351562,198.0435028076172,198.05999755859375,379510
2025-04-30 13:30:00+00:00,195.80999755859375,195.80999755859375,197.86500549316406,194.5279998779297,197.72999572753906,357006
2025-04-30 14:30:00+00:00,196.5050048828125,196.5050048828125,196.75999450683594,195.27000427246094,195.72000122070312,245572
2025-04-30 15:30:00+00:00,196.4499969482422,196.4499969482422,197.13999938964844,196.22999572753906,196.5,143616
2025-04-30 16:30:00+00:00,197.11000061035156,197.11000061035156,197.19000244140625,196.24000549316406,196.39999389648438,113732
2025-04-30 17:30:00+00:00,196.10000610351562,196.10000610351562,197.1199951171875,196.0095977783203,197.09500122070312,180097
2025-04-30 18:30:00+00:00,196.02000427246094,196.02000427246094,196.74000549316406,195.70010375976562,196.1999969482422,180464
2025-04-30 19:30:00+00:00,198.36000061035156,198.36000061035156,198.61000061035156,195.91000366210938,196.0449981689453,474910
2025-05-01 13:30:00+00:00,194.83999633789062,194.83999633789062,197.66000366210938,193.89999389648438,194.69000244140625,470371
2025-05-01 14:30:00+00:00,194.02000427246094,194.02000427246094,194.9550018310547,192.52000427246094,194.9550018310547,571794
2025-05-01 15:30:00+00:00,194.9499969482422,194.9499969482422,195.3699951171875,193.6999969482422,194.02000427246094,263618
2025-05-01 16:30:00+00:00,195.4600067138672,195.4600067138672,195.6199951171875,193.91000366210938,194.9550018310547,208879
2025-05-01 17:30:00+00:00,197.0,197.0,197.11000061035156,195.44500732421875,195.4600067138672,312757
2025-05-01 18:30:00+00:00,198.22000122070312,198.22000122070312,198.3800048828125,196.98500061035156,196.98500061035156,281402
2025-05-01 19:30:00+00:00,197.1199951171875,197.1199951171875,198.35989379882812,196.92999267578125,198.30999755859375,484465
2025-05-02 13:30:00+00:00,197.9949951171875,197.9949951171875,200.75999450683594,196.41000366210938,198.1300048828125,233492
2025-05-02 14:30:00+00:00,196.99000549316406,196.99000549316406,198.1750030517578,196.86500549316406,198.1199951171875,157722
2025-05-02 15:30:00+00:00,197.7899932861328,197.7899932861328,197.99000549316406,196.83999633789062,197.07000732421875,124754
2025-05-02 16:30:00+00:00,197.98500061035156,197.98500061035156,198.31390380859375,197.58999633789062,197.86000061035156,114869
2025-05-02 17:30:00+00:00,198.8699951171875,198.8699951171875,198.9499969482422,197.8300018310547,197.88999938964844,142218
2025-05-02 18:30:00+00:00,199.32000732421875,199.32000732421875,199.49000549316406,198.5,198.97000122070312,193928
2025-05-02 19:30:00+00:00,199.2899932861328,199.2899932861328,199.66000366210938,198.75,199.30999755859375,342391
2025-05-05 13:30:00+00:00,199.09500122070312,199.09500122070312,199.25,197.16000366210938,198.6699981689453,120969
2025-05-05 14:30:00+00:00,200.33999633789062,200.33999633789062,201.0399932861328,198.9199981689453,198.97999572753906,124886
2025-05-05 15:30:00+00:00,200.5399932861328,200.5399932861328,200.83999633789062,199.97000122070312,200.27000427246094,122722
2025-05-05 16:30:00+00:00,200.0,200.0,200.42999267578125,199.8800048828125,200.42999267578125,45774
2025-05-05 17:30:00+00:00,200.6699981689453,200.6699981689453,200.83999633789062,199.97999572753906,200.0050048828125,97665
2025-05-05 18:30:00+00:00,201.4199981689453,201.4199981689453,201.42999267578125,200.39999389648438,200.72000122070312,165500
2025-05-05 19:30:00+00:00,200.3000030517578,200.3000030517578,201.48599243164062,200.07000732421875,201.40499877929688,333008
2025-05-06 13:30:00+00:00,201.33999633789062,201.33999633789062,201.41000366210938,199.6199951171875,200.0,75887
2025-05-06 14:30:00+00:00,201.9550018310547,201.9550018310547,202.1999969482422,201.0,201.3350067138672,81808
2025-05-06 15:30:00+00:00,201.25999450683594,201.25999450683594,202.2100067138672,201.13009643554688,202.0399932861328,82991
2025-05-06 16:30:00+00:00,201.72500610351562,201.72500610351562,201.9199981689453,200.9600067138672,201.22000122070312,68624
2025-05-06 17:30:00+00:00,202.02000427246094,202.02000427246094,202.02000427246094,201.10000610351562,201.72500610351562,93876
2025-05-06 18:30:00+00:00,201.94000244140625,201.94000244140625,202.2899932861328,201.69000244140625,202.19500732421875,123406
2025-05-06 19:30:00+00:00,202.05999755859375,202.05999755859375,202.58999633789062,201.9199981689453,201.9199981689453,277430
2025-05-07 13:30:00+00:00,203.64999389648438,203.64999389648438,204.55990600585938,202.0749969482422,202.75,131553
2025-05-07 14:30:00+00:00,204.39999389648438,204.39999389648438,204.5,203.3699951171875,203.61500549316406,117295
2025-05-07 15:30:00+00:00,203.69000244140625,203.69000244140625,204.5500030517578,203.69000244140625,204.2100067138672,58711
2025-05-07 16:30:00+00:00,204.35000610351562,204.35000610351562,204.4499969482422,203.6300048828125,203.6699981689453,57256
2025-05-07 17:30:00+00:00,203.11000061035156,203.11000061035156,204.36019897460938,203.0,204.35499572753906,110727
2025-05-07 18:30:00+00:00,203.35499572753906,203.35499572753906,204.4499969482422,203.02999877929688,203.1649932861328,139578
2025-05-07 19:30:00+00:00,204.0500030517578,204.0500030517578,204.27999877929688,202.9801025390625,203.2899932861328,265142
2025-05-08 13:30:00+00:00,204.83999633789062,204.83999633789062,205.35000610351562,203.32000732421875,203.55999755859375,111684
2025-05-08 14:30:00+00:00,205.11000061035156,205.11000061035156,205.47000122070312,203.80999755859375,204.90499877929688,92649
2025-05-08 15:30:00+00:00,205.67999267578125,205.67999267578125,205.99000549316406,204.85000610351562,205.02000427246094,63938
2025-05-08 16:30:00+00:00,205.41000366210938,205.41000366210938,206.11000061035156,205.32000732421875,205.74000549316406,63299
2025-05-08 17:30:00+00:00,204.47000122070312,204.47000122070312,205.5,204.4600067138672,205.42999267578125,87294
2025-05-08 18:30:00+00:00,203.7550048828125,203.7550048828125,204.69869995117188,203.54400634765625,204.63999938964844,107199
2025-05-08 19:30:00+00:00,202.72000122070312,202.72000122070312,203.8000030517578,202.5500030517578,203.67999267578125,223904
2025-05-09 13:30:00+00:00,202.99000549316406,202.99000549316406,203.27999877929688,202.11000061035156,202.6199951171875,65584
2025-05-09 14:30:00+00:00,202.77000427246094,202.77000427246094,203.07000732421875,202.22999572753906,203.0399932861328,61889
2025-05-09 15:30:00+00:00,202.6199951171875,202.6199951171875,203.25,202.5,202.7550048828125,66191
2025-05-09 16:30:00+00:00,202.7899932861328,202.7899932861328,202.82000732421875,202.17999267578125,202.61500549316406,55780
2025-05-09 17:30:00+00:00,202.72000122070312,202.72000122070312,203.25999450683594,202.6300048828125,202.83999633789062,91079
2025-05-09 18:30:00+00:00,202.85000610351562,202.85000610351562,203.27999877929688,202.69500732421875,202.72000122070312,72376
2025-05-09 19:30:00+00:00,202.57000732421875,202.57000732421875,202.9550018310547,202.42999267578125,202.78500366210938,145467
2025-05-12 13:30:00+00:00,200.10650634765625,200.10650634765625,204.77999877929688,199.35000610351562,203.5,261619
2025-05-12 14:30:00+00:00,200.34500122070312,200.34500122070312,201.5800018310547,199.9600067138672,200.13999938964844,144954
2025-05-12 15:30:00+00:00,200.46499633789062,200.46499633789062,200.69500732421875,200.0800018310547,200.44000244140625,66005
2025-05-12 16:30:00+00:00,199.94000244140625,199.94000244140625,200.8925018310547,199.7646026611328,200.4499969482422,93561
2025-05-12 17:30:00+00:00,200.9499969482422,200.9499969482422,201.00999450683594,199.96499633789062,199.96499633789062,85917
2025-05-12 18:30:00+00:00,201.9199981689453,201.9199981689453,202.0050048828125,200.92999267578125,200.92999267578125,185442
2025-05-12 19:30:00+00:00,202.44000244140625,202.44000244140625,202.61000061035156,201.60000610351562,201.8699951171875,232470
2025-05-13 13:30:00+00:00,203.69000244140625,203.69000244140625,203.85000610351562,201.2987060546875,202.7899932861328,175159
2025-05-13 14:30:00+00:00,203.97000122070312,203.97000122070312,204.2550048828125,203.13999938964844,203.7100067138672,108344
2025-05-13 15:30:00+00:00,203.22000122070312,203.22000122070312,203.9199981689453,203.17999267578125,203.89999389648438,94145
2025-05-13 16:30:00+00:00,203.74000549316406,203.74000549316406,203.77000427246094,203.00999450683594,203.22000122070312,78859
2025-05-13 17:30:00+00:00,203.19000244140625,203.19000244140625,203.97000122070312,203.19000244140625,203.7100067138672,80062
2025-05-13 18:30:00+00:00,203.4600067138672,203.4600067138672,203.55999755859375,203.02000427246094,203.22999572753906,85076
2025-05-13 19:30:00+00:00,202.47999572753906,202.47999572753906,203.97999572753906,202.35000610351562,203.49000549316406,217624
2025-05-14 13:30:00+00:00,200.22000122070312,200.22000122070312,203.0,197.42880249023438,203.0,280560
2025-05-14 14:30:00+00:00,200.26499938964844,200.26499938964844,200.6699981689453,199.2100067138672,199.94000244140625,136527
2025-05-14 15:30:00+00:00,200.15499877929688,200.15499877929688,200.61000061035156,199.99000549316406,200.23500061035156,88847
2025-05-14 16:30:00+00:00,200.3800048828125,200.3800048828125,200.55999755859375,199.82000732421875,200.02999877929688,90087
2025-05-14 17:30:00+00:00,200.70249938964844,200.70249938964844,200.9600067138672,200.11000061035156,200.44500732421875,92969
2025-05-14 18:30:00+00:00,200.94500732421875,200.94500732421875,201.10000610351562,200.52569580078125,200.72999572753906,126938
2025-05-14 19:30:00+00:00,200.60000610351562,200.60000610351562,201.0399932861328,200.1649932861328,200.92999267578125,261476
2025-05-15 13:30:00+00:00,202.67999267578125,202.67999267578125,203.27000427246094,200.84500122070312,201.58999633789062,119205
2025-05-15 14:30:00+00:00,203.0050048828125,203.0050048828125,203.1699981689453,202.1199951171875,202.80499267578125,113968
2025-05-15 15:30:00+00:00,202.9199981689453,202.9199981689453,203.7899932861328,202.91000366210938,202.91000366210938,91534
2025-05-15 16:30:00+00:00,202.9949951171875,202.9949951171875,203.1999969482422,202.5,202.88999938964844,88715
2025-05-15 17:30:00+00:00,204.27000427246094,204.27000427246094,204.27000427246094,202.88999938964844,202.9949951171875,88677
2025-05-15 18:30:00+00:00,205.36000061035156,205.36000061035156,205.36500549316406,204.24000549316406,204.27000427246094,130878
2025-05-15 19:30:00+00:00,205.32000732421875,205.32000732421875,205.60000610351562,204.92999267578125,205.3699951171875,284466
2025-05-16 13:30:00+00:00,206.19000244140625,206.19000244140625,206.9600067138672,204.67999267578125,205.6300048828125,144802
2025-05-16 14:30:00+00:00,207.66000366210938,207.66000366210938,207.85000610351562,206.1750030517578,206.1750030517578,99793
2025-05-16 15:30:00+00:00,207.97000122070312,207.97000122070312,208.14999389648438,206.875,207.66000366210938,76583
2025-05-16 16:30:00+00:00,208.42999267578125,208.42999267578125,208.42999267578125,207.5749969482422,208.0399932861328,56121
2025-05-16 17:30:00+00:00,208.4949951171875,208.4949951171875,208.66000366210938,208.25,208.36000061035156,94822
2025-05-16 18:30:00+00:00,208.64999389648438,208.64999389648438,208.88999938964844,208.41099548339844,208.49000549316406,109483
2025-05-16 19:30:00+00:00,209.05999755859375,209.05999755859375,209.13999938964844,208.44239807128906,208.60499572753906,198199
